,health_score,ade_likelihood,avg_drug_risk,confidence,composite_risk
health_score,1.0,0.28132456129166983,0.3499154083524995,0.25041083715010376,0.9937060561917955
ade_likelihood,0.28132456129166983,1.0,0.8118602543989158,0.9373306836508005,0.3870463188619246
avg_drug_risk,0.3499154083524995,0.8118602543989158,1.0,0.9353720196780243,0.43142922103258685
confidence,0.25041083715010376,0.9373306836508005,0.9353720196780243,1.0,0.3502643776234162
composite_risk,0.9937060561917955,0.3870463188619246,0.43142922103258685,0.3502643776234162,1.0
